gender,SeniorCitizen,Partner,Dependents,tenure,PhoneService,MultipleLines,InternetService,OnlineSecurity,OnlineBackup,DeviceProtection,TechSupport,StreamingTV,StreamingMovies,Contract,PaperlessBilling,PaymentMethod,MonthlyCharges,TotalCharges,Churn
1,0,1,0,51,1,2,0,0,0,0,2,2,2,2,1,0,75.2,3901.25,0
0,0,0,0,11,1,0,0,2,0,0,2,0,0,1,1,3,54.6,617.85,0
0,0,0,0,16,1,0,2,1,1,1,1,1,1,1,0,0,20.1,318.6,0
0,0,0,0,34,1,2,0,0,0,0,2,2,0,0,0,3,65.0,2157.5,0
0,1,1,0,43,1,2,1,0,0,2,2,2,2,1,1,2,107.55,4533.9,1
1,0,1,0,25,0,1,0,0,0,2,0,2,0,1,1,1,38.1,970.4,0
1,0,0,1,43,0,1,0,2,2,2,0,0,0,0,1,2,40.45,1912.85,0
0,0,0,0,18,0,1,0,0,0,2,2,0,0,0,1,2,35.2,607.3,0
1,0,0,0,35,1,2,2,1,1,1,1,1,1,0,1,2,25.6,901.25,0
0,0,1,0,41,1,0,1,0,2,2,2,0,0,1,1,0,86.2,3339.05,0
1,1,1,0,1,1,0,1,0,0,0,0,0,0,0,0,3,70.85,70.85,1
0,0,0,0,1,1,0,1,0,0,0,0,0,0,0,0,2,70.1,70.1,0
0,0,0,1,15,1,0,0,2,2,2,2,0,0,1,0,1,65.6,1010.0,0
1,0,0,0,29,0,1,0,0,2,0,2,0,0,0,0,2,34.3,1004.75,0
1,0,0,0,25,1,0,2,1,1,1,1,1,1,0,1,3,20.15,536.35,0
0,0,0,0,7,1,2,1,2,0,0,0,0,0,0,1,3,79.65,604.7,1
0,1,0,0,5,1,0,1,0,2,0,0,2,0,0,1,2,84.7,392.5,0
0,0,1,1,48,0,1,0,2,0,2,0,0,2,1,0,1,45.0,2196.3,0
1,1,1,0,72,1,2,1,2,2,2,0,2,2,2,1,0,109.55,7920.7,0
1,1,0,0,1,1,2,1,0,0,0,0,2,2,0,1,2,94.0,94.0,1
1,0,1,0,33,1,2,1,0,2,2,0,0,2,0,1,2,93.35,3092.0,0
0,1,0,0,14,0,1,0,0,0,0,0,2,2,0,1,2,46.35,672.7,0
1,0,1,1,8,1,0,2,1,1,1,1,1,1,0,0,1,19.65,169.75,0
1,0,0,0,17,1,2,1,0,0,2,2,0,0,1,0,2,86.75,1410.25,0
0,1,1,0,65,1,2,1,2,2,2,0,2,2,0,1,1,109.4,7227.45,0
0,1,1,0,37,1,0,1,0,0,2,2,2,0,0,0,2,90.0,3371.75,0
0,1,1,0,24,1,2,1,0,0,0,0,2,2,0,1,2,93.55,2264.05,1
1,0,0,0,1,0,1,0,0,0,0,0,0,0,0,1,3,24.45,24.45,1
1,0,1,1,33,1,0,0,0,2,2,2,2,2,2,0,1,82.1,2603.1,0
1,0,1,1,49,0,1,0,0,2,0,0,2,2,1,1,0,51.8,2541.25,1
1,0,1,1,56,1,0,0,2,2,2,0,0,0,2,1,0,59.8,3457.45,0
1,0,0,0,2,1,0,2,1,1,1,1,1,1,0,0,3,20.05,42.7,0
1,0,0,1,14,1,0,0,2,2,2,2,0,2,2,0,0,76.1,1054.8,0
1,0,0,0,19,1,0,0,0,0,2,2,0,0,0,1,1,55.0,1046.5,1
0,0,0,0,2,1,0,1,0,0,0,0,2,0,0,1,3,79.65,152.7,1
1,0,1,1,71,1,2,0,2,2,2,2,2,2,2,1,3,91.25,6589.6,0
0,0,0,0,28,1,2,1,0,2,0,0,0,2,0,1,2,89.95,2625.55,1
0,1,0,0,45,1,0,1,2,2,0,2,0,0,0,1,0,85.7,3778.1,0
0,0,0,0,1,1,0,1,0,0,0,0,2,0,0,1,2,79.65,79.65,1
0,0,0,0,41,1,2,0,0,0,2,2,0,2,1,1,2,68.6,2877.05,0
0,0,1,1,58,1,2,1,2,2,0,0,0,2,0,1,0,93.4,5435.6,1
0,0,0,0,46,1,0,1,0,0,2,0,0,0,0,1,1,74.8,3548.3,0
1,1,0,0,4,1,0,1,0,0,2,0,2,2,0,1,2,94.75,422.4,0
0,0,0,0,13,0,1,0,0,0,2,2,0,0,2,0,3,35.4,450.4,0
0,0,1,0,72,1,2,2,1,1,1,1,1,1,2,0,0,25.65,1887.0,0
0,0,0,0,24,1,2,1,0,2,2,0,2,2,0,1,2,104.15,2494.65,0
0,0,0,0,46,1,2,1,2,2,0,0,0,0,0,0,3,84.25,3847.6,0
1,0,0,0,53,1,0,0,0,0,2,0,0,2,1,1,2,61.1,3357.9,0
0,0,0,0,25,1,2,2,1,1,1,1,1,1,2,0,1,24.75,692.1,1
0,1,0,0,5,1,0,1,0,0,2,0,2,0,0,1,3,84.85,415.55,1
1,1,0,0,5,1,2,1,0,2,0,0,0,2,0,1,2,89.8,502.6,1
1,0,1,1,46,1,0,2,1,1,1,1,1,1,1,1,0,20.2,845.6,0
1,0,1,1,50,0,1,0,2,0,0,0,2,0,0,1,1,39.45,2021.35,0
1,0,1,0,72,1,2,1,0,2,2,0,2,2,2,1,0,104.8,7470.1,0
0,0,1,1,70,1,2,0,2,0,0,2,2,2,2,1,0,80.6,5460.2,0
0,1,0,0,53,1,0,1,2,2,0,2,0,2,1,1,3,96.75,5206.55,0
1,0,1,0,29,1,0,1,0,0,2,0,0,0,0,1,1,75.3,2263.4,0
0,0,1,1,40,1,0,2,1,1,1,1,1,1,2,0,0,20.15,777.35,0
1,1,1,0,43,1,2,1,0,2,2,0,2,2,0,1,2,103.0,4414.3,1
0,1,1,0,13,1,0,1,0,0,0,0,0,0,0,1,2,70.15,916.75,1
0,0,1,1,72,1,2,1,2,2,2,0,2,2,2,0,1,109.7,8129.3,0
0,0,0,1,4,1,0,2,1,1,1,1,1,1,1,1,3,20.4,84.75,0
0,0,1,0,3,1,2,1,0,0,0,0,2,2,0,1,2,95.2,292.85,1
1,1,0,0,1,0,1,0,0,0,0,0,0,0,0,1,2,25.1,25.1,1
0,1,0,0,35,1,2,1,2,2,2,2,2,2,1,1,0,110.8,3836.3,0
0,1,0,0,66,1,2,1,2,0,0,0,2,2,2,1,0,102.4,6471.85,0
1,0,0,0,6,1,0,0,0,0,2,0,2,0,0,0,3,60.9,414.1,0
0,0,1,0,9,1,0,1,0,0,2,0,0,0,0,1,0,75.75,655.9,1
1,0,1,1,72,1,2,0,2,0,2,2,2,2,2,1,1,83.55,6093.3,0
1,0,0,0,9,1,0,0,0,0,0,0,0,0,0,0,3,44.95,431.0,1
0,0,1,0,16,1,2,1,0,0,0,0,2,0,0,1,2,84.95,1378.25,1
1,0,1,1,56,0,1,0,0,2,2,0,0,0,1,1,1,36.1,1971.5,0
1,1,1,1,66,1,2,1,2,2,2,2,2,2,1,1,2,116.25,7862.25,0
0,0,0,1,31,1,0,2,1,1,1,1,1,1,1,0,1,20.1,589.25,0
0,1,0,0,27,1,2,1,2,2,2,0,2,2,1,1,0,110.5,2857.6,0
1,0,1,0,21,1,2,1,0,0,2,2,2,2,0,1,2,106.1,2249.95,1
1,0,0,0,1,1,0,0,2,0,0,0,0,0,0,0,2,47.95,47.95,0
1,0,0,1,45,1,2,1,0,0,2,0,2,2,2,0,0,99.7,4634.35,0
1,0,0,0,13,0,1,0,0,0,0,0,0,0,0,1,0,25.15,331.85,0
0,1,0,0,5,1,0,1,2,2,0,0,0,0,0,0,2,80.7,374.8,0
0,0,0,0,4,1,0,1,2,0,2,2,0,2,0,1,0,94.4,387.2,1
1,0,0,0,16,1,0,2,1,1,1,1,1,1,0,0,0,20.25,327.45,1
0,0,0,0,28,0,1,0,0,0,2,2,0,0,0,1,3,35.75,961.4,0
1,0,1,1,8,1,0,2,1,1,1,1,1,1,0,1,3,19.35,152.6,0
0,1,0,0,66,1,2,0,2,2,0,2,0,0,1,1,1,63.85,4174.35,0
1,0,0,0,44,1,2,1,0,0,2,0,0,2,0,1,3,90.4,4063.0,0
0,0,1,0,35,1,0,1,0,0,0,0,0,0,0,1,2,70.3,2416.55,1
0,1,1,1,46,1,2,1,2,2,0,2,2,2,0,1,2,110.2,4972.1,0
0,0,1,0,68,1,2,0,2,2,2,2,2,2,2,1,2,91.7,6424.7,0
1,0,0,0,65,1,2,1,2,0,2,2,2,2,1,1,1,110.0,7138.65,0
0,0,1,1,8,1,0,2,1,1,1,1,1,1,2,1,3,19.85,146.6,0
0,0,1,0,19,1,0,1,0,0,2,0,2,2,0,1,2,96.8,1743.05,0
0,0,1,1,64,1,2,1,0,2,2,2,2,2,1,1,2,111.45,7266.95,0
1,0,0,0,15,1,2,2,1,1,1,1,1,1,0,1,2,26.35,378.6,0
1,1,1,0,50,1,2,1,2,2,2,0,2,0,1,1,0,101.9,5265.5,0
1,1,1,0,6,1,0,1,0,2,0,0,0,2,0,1,2,84.2,519.15,1
1,0,1,0,42,1,2,0,2,0,0,2,2,2,1,0,1,80.45,3375.9,0
0,1,0,0,7,1,0,0,0,2,0,0,0,0,0,1,3,51.3,419.35,0
1,1,1,0,51,0,1,0,0,2,0,0,0,0,0,1,1,29.45,1459.35,0
0,0,1,1,34,1,2,1,0,0,2,0,2,0,0,0,2,87.45,2874.15,1
1,0,0,0,19,1,0,1,0,2,0,0,0,0,0,1,1,73.85,1424.5,1
0,0,1,1,56,1,0,2,1,1,1,1,1,1,2,1,1,19.8,1119.9,0
1,1,0,0,13,1,2,1,0,2,2,0,2,2,0,1,2,106.9,1364.3,1
0,1,0,0,71,1,2,1,2,2,0,2,2,0,1,1,1,99.65,7181.25,0
1,0,0,0,1,1,0,1,0,0,0,0,0,0,0,1,2,70.05,70.05,1
1,0,1,1,12,1,0,2,1,1,1,1,1,1,0,1,2,19.2,239.0,0
1,1,1,1,71,1,0,2,1,1,1,1,1,1,2,0,1,19.8,1388.45,0
0,0,0,1,11,0,1,0,2,0,0,2,0,0,1,1,3,36.05,402.6,0
0,1,0,0,6,0,1,0,0,0,0,0,2,2,0,1,2,44.4,263.05,0
1,0,1,1,46,1,0,0,2,0,2,2,0,0,1,0,3,56.9,2560.1,0
0,1,1,0,53,1,2,2,1,1,1,1,1,1,2,0,1,25.1,1275.6,0
0,0,1,0,55,1,2,1,0,2,0,0,0,0,0,1,1,77.75,4266.4,0
1,0,0,0,30,1,0,1,2,2,2,0,0,0,0,1,1,84.3,2438.6,0
1,1,0,0,5,1,0,1,0,0,0,0,0,0,0,1,3,71.45,371.6,0
0,0,0,0,6,1,0,1,0,0,0,0,2,2,0,1,2,91.1,455.3,1
1,1,0,0,4,0,1,0,0,2,0,0,2,2,0,1,1,50.95,207.35,0
1,0,1,0,42,1,2,0,2,0,0,0,0,0,1,0,1,56.1,2386.85,0
0,0,0,0,24,1,2,1,0,0,0,2,0,2,0,1,2,89.55,2259.35,0
0,0,0,0,37,0,1,0,0,0,0,2,0,0,0,0,1,28.6,973.55,1
0,0,1,1,72,1,2,1,2,2,2,2,2,2,2,1,1,116.4,8543.25,0
1,0,0,0,1,1,0,0,0,0,0,0,0,2,0,1,2,55.0,55.0,1
0,0,1,1,3,1,2,1,0,0,0,0,0,2,0,1,0,84.75,264.85,1
0,0,0,0,46,1,0,2,1,1,1,1,1,1,2,1,2,21.1,937.1,0
0,1,1,1,23,1,0,1,0,2,2,0,0,2,0,1,0,88.45,2130.55,0
1,1,1,0,70,1,0,1,2,2,2,0,2,2,2,0,1,105.35,7511.9,0
1,0,0,1,1,1,0,0,0,0,0,2,0,2,0,1,3,59.55,59.55,0
0,0,1,1,71,1,0,2,1,1,1,1,1,1,2,0,1,19.9,1397.3,0
1,0,0,0,2,1,0,1,0,0,2,0,2,2,0,0,2,94.95,178.1,1
0,0,0,0,25,1,2,0,2,2,2,2,2,0,0,1,0,78.35,1837.9,0
0,0,0,0,25,1,0,1,0,2,2,0,2,2,0,1,2,99.5,2369.05,1
0,0,1,1,1,0,1,0,2,0,0,0,0,0,0,0,0,30.5,30.5,1
1,0,0,0,30,1,0,1,0,0,0,0,2,2,0,1,2,90.25,2755.35,1
1,1,1,0,46,1,2,1,0,0,2,0,2,2,0,1,2,101.0,4680.05,1
1,0,1,0,66,1,2,1,0,2,2,0,0,2,1,0,2,95.3,6273.4,0
1,1,0,0,41,1,2,1,0,0,2,0,2,2,0,1,2,98.4,4187.75,1
1,0,0,0,7,1,0,0,2,0,0,0,0,0,0,1,3,51.0,354.05,1
0,0,1,1,43,1,2,1,0,0,2,0,0,2,0,1,0,92.55,4039.0,0
1,1,0,0,39,1,2,1,0,2,0,0,0,2,0,0,2,90.7,3413.25,0
1,0,1,0,3,1,0,1,0,0,0,0,0,0,0,1,2,70.3,208.85,1
0,0,0,0,15,1,2,2,1,1,1,1,1,1,0,1,1,25.4,399.6,1
1,0,0,0,23,1,0,1,0,2,0,0,2,2,0,0,3,95.3,2192.9,0
1,0,1,1,60,1,2,1,2,0,2,0,2,0,1,1,0,95.4,5812.0,0
1,0,0,1,27,1,0,2,1,1,1,1,1,1,0,0,3,19.15,537.35,0
0,0,1,0,12,1,0,0,2,0,0,2,0,0,0,0,0,54.2,690.5,0
0,0,1,0,65,1,0,0,0,0,0,2,2,0,2,1,1,59.8,3808.2,0
1,0,0,0,28,1,2,1,2,2,0,0,0,2,0,1,1,94.5,2659.4,1
1,0,1,1,26,1,2,0,0,0,2,2,2,2,1,1,1,82.0,2083.1,0
0,0,0,0,2,1,0,0,0,0,0,0,0,0,0,1,3,45.85,105.6,0
1,0,0,0,8,1,0,0,0,0,0,0,0,0,0,1,3,45.15,438.4,1
0,0,1,1,26,1,0,2,1,1,1,1,1,1,2,0,1,19.65,494.9,0
0,1,0,0,35,1,2,1,2,0,0,0,2,2,0,1,2,99.05,3554.6,0
1,1,1,0,24,0,1,0,0,0,2,2,0,0,0,0,3,34.25,828.2,0
0,0,0,0,34,1,0,1,0,0,0,0,0,0,0,1,1,70.0,2416.1,1
0,0,0,0,29,0,1,0,0,0,0,0,0,0,0,1,1,25.1,712.85,1
1,0,0,0,3,1,0,1,0,2,2,2,2,2,0,1,2,107.95,318.6,0
1,0,0,0,1,1,0,2,1,1,1,1,1,1,0,1,0,19.65,19.65,0
0,0,0,1,1,1,0,1,0,0,0,0,2,0,0,1,2,79.35,79.35,1
0,0,1,0,25,1,0,2,1,1,1,1,1,1,1,1,0,20.2,507.9,0
0,1,1,0,2,1,0,1,0,0,0,0,0,0,0,1,2,69.3,153.8,0
1,0,1,1,4,1,0,2,1,1,1,1,1,1,0,1,3,20.5,77.6,0
0,1,0,0,59,1,2,1,0,0,2,0,2,2,1,1,2,99.5,5890.0,0
1,0,0,1,1,1,0,2,1,1,1,1,1,1,0,0,3,20.75,20.75,0
0,0,1,1,60,1,0,0,0,2,2,2,2,2,2,1,0,80.6,4946.7,0
1,0,0,0,59,1,0,0,0,0,2,2,2,0,0,1,2,64.65,3735.45,0
1,0,1,1,9,1,2,1,0,0,2,0,2,0,1,1,2,90.35,767.9,0
0,0,1,1,32,0,1,0,2,2,0,0,0,0,0,1,2,35.15,1051.05,0
0,0,0,0,1,0,1,0,0,0,0,0,0,0,0,0,0,25.25,25.25,0
1,0,1,1,71,1,0,2,1,1,1,1,1,1,2,0,3,19.8,1396.25,0
0,0,0,0,12,1,2,1,0,0,0,0,2,2,0,1,2,94.2,1046.1,1
1,0,1,1,6,1,2,2,1,1,1,1,1,1,2,0,3,25.4,153.3,0
1,0,0,0,7,0,1,0,0,0,2,2,0,0,1,1,1,35.5,249.55,0
1,0,0,0,33,1,2,0,0,2,0,0,0,0,0,1,0,54.65,1665.2,0
1,0,1,1,56,1,2,2,1,1,1,1,1,1,1,1,3,24.45,1431.65,0
0,0,0,0,6,0,1,0,2,0,0,0,0,0,0,0,0,29.45,161.45,0
0,1,0,0,8,1,2,1,0,0,2,0,2,2,0,0,2,101.35,780.5,1
0,0,0,0,66,1,2,1,0,2,0,0,2,0,1,1,0,88.9,6000.1,0
0,0,0,0,6,1,0,0,2,2,0,0,0,0,0,0,3,55.15,322.9,0
1,0,1,0,66,1,2,1,2,2,2,2,2,2,1,0,0,115.8,7942.15,0
0,0,1,0,15,1,0,1,0,0,0,0,2,2,0,0,2,88.15,1390.6,1
0,0,1,1,64,1,0,0,2,0,0,2,2,0,1,0,3,65.8,4068.0,0
1,0,1,0,72,1,2,2,1,1,1,1,1,1,2,0,1,24.8,1874.3,0
1,1,1,0,29,1,2,1,0,0,2,0,2,2,0,1,2,98.5,3004.15,1
0,0,1,0,11,1,0,0,0,0,0,0,0,0,0,1,2,44.05,483.7,1
0,0,1,0,49,1,2,1,2,0,0,0,2,2,0,1,3,100.85,4847.35,0
0,1,1,0,70,1,2,0,2,2,2,2,2,2,2,1,0,92.2,6474.45,0
1,0,1,1,65,1,0,2,1,1,1,1,1,1,2,1,1,19.85,1267.05,0
1,0,1,0,72,1,2,0,2,2,2,2,0,2,2,1,0,82.3,5980.55,0
1,0,0,0,3,1,2,0,0,0,0,0,0,0,0,0,0,50.4,137.25,0
0,0,1,0,46,1,2,1,0,2,0,2,2,2,1,1,2,103.15,4594.65,0
0,0,0,0,2,1,0,2,1,1,1,1,1,1,0,0,3,20.1,39.8,0
0,0,0,0,70,1,2,0,2,2,2,2,2,2,2,0,1,89.75,6367.2,0
1,0,0,0,1,1,0,1,0,0,0,0,0,0,0,1,2,69.35,69.35,1
1,0,0,0,29,1,0,2,1,1,1,1,1,1,1,1,3,19.8,572.2,0
1,0,1,0,21,1,0,0,0,0,0,0,2,0,0,0,0,54.6,1125.2,0
0,0,1,0,19,1,0,0,0,0,0,0,0,0,0,0,3,44.9,839.65,0
0,1,0,0,1,1,0,1,0,0,0,0,0,0,0,1,2,69.95,69.95,1
1,1,0,0,34,1,0,1,0,0,0,0,0,0,0,0,1,69.15,2275.1,0
0,0,0,0,5,1,0,1,0,0,0,0,2,0,0,0,2,80.2,384.25,0
0,0,0,0,38,1,2,2,1,1,1,1,1,1,1,1,2,24.25,914.4,0
0,0,0,0,70,1,0,2,1,1,1,1,1,1,1,0,0,19.7,1341.5,0
0,0,1,0,27,1,0,1,0,2,0,0,0,0,0,1,2,76.1,2093.4,0
0,0,0,1,1,1,0,1,0,0,0,0,0,2,0,0,2,78.65,78.65,1
0,0,0,0,26,1,0,1,0,0,0,0,2,2,0,1,0,88.8,2274.35,1
1,1,0,0,13,1,0,0,0,2,0,0,2,0,0,1,2,59.9,788.35,0
1,1,1,0,60,1,2,1,0,2,2,0,2,2,1,1,2,104.35,6339.45,0
1,0,0,0,39,1,2,1,0,0,0,0,0,0,0,0,2,75.25,3017.65,1
0,0,0,0,64,1,2,2,1,1,1,1,1,1,1,1,0,24.4,1601.2,0
0,0,0,0,63,1,2,0,2,2,2,2,0,2,2,1,1,80.3,4995.35,0
0,0,1,0,25,1,0,1,0,0,0,2,2,2,0,1,2,95.15,2395.7,0
1,0,1,0,68,1,2,0,2,2,2,2,2,2,2,1,1,90.8,6302.85,0
1,0,1,0,8,1,0,0,0,2,2,0,0,0,0,1,3,54.75,445.85,0
0,0,1,1,72,1,2,1,2,2,2,2,2,2,2,1,0,117.6,8308.9,0
1,0,0,0,15,1,2,1,2,0,0,0,2,2,0,1,2,99.7,1566.75,0
1,0,0,0,42,1,0,2,1,1,1,1,1,1,1,0,0,19.8,849.9,0
0,0,0,0,3,0,1,0,0,0,0,0,2,0,0,1,1,34.8,113.95,0
1,0,0,1,13,1,0,0,0,0,0,0,0,0,0,0,3,44.0,659.35,0
1,0,0,0,1,0,1,0,0,0,0,0,0,0,0,0,3,24.4,24.4,0
1,0,1,0,12,1,0,0,0,0,2,2,2,2,0,1,2,74.15,741.4,0
1,0,0,0,44,1,0,2,1,1,1,1,1,1,2,0,1,20.4,905.55,0
0,0,1,1,26,0,1,0,2,2,0,2,0,0,0,0,1,38.85,1025.15,0
0,0,0,0,13,1,2,1,2,0,0,0,2,2,0,1,2,100.35,1358.85,1
1,0,0,0,60,1,2,1,0,2,0,0,2,0,0,1,0,89.9,5450.7,0
0,0,1,1,45,1,2,1,2,2,0,0,2,2,0,1,2,105.15,4730.9,0
0,1,0,0,4,1,2,1,0,0,0,0,2,2,0,1,2,94.3,424.45,1
0,0,1,0,67,1,2,0,2,2,2,0,0,2,1,0,3,75.1,5064.45,0
1,0,1,1,43,1,0,2,1,1,1,1,1,1,1,1,3,19.2,776.25,0
0,0,1,1,59,1,2,1,0,2,2,0,2,2,1,1,2,106.15,6256.2,0
0,0,0,0,19,1,2,1,2,2,0,0,0,2,0,1,2,95.15,1789.25,1
0,0,0,0,41,1,2,1,0,0,2,0,2,2,0,0,0,98.05,3990.6,0
0,0,0,0,40,0,1,0,2,0,0,2,2,2,1,1,0,54.55,2236.2,0
0,0,0,0,5,1,2,1,0,0,2,2,0,0,0,1,2,82.75,417.75,0
0,0,0,1,4,1,2,1,0,2,2,0,0,0,0,0,0,84.05,333.55,1
0,1,0,0,63,1,2,0,2,2,2,2,2,0,1,0,0,83.0,5243.05,0
1,0,0,0,1,1,2,2,1,1,1,1,1,1,0,1,3,25.0,25.0,0
1,0,0,0,43,1,2,1,0,0,0,2,2,2,1,1,2,100.0,4211.55,1
1,0,1,1,31,1,2,1,2,0,2,0,2,0,1,0,0,98.05,3082.1,0
0,0,1,1,59,1,2,0,2,0,2,2,2,0,2,1,3,76.45,4519.5,0
1,0,0,1,1,1,0,2,1,1,1,1,1,1,0,0,3,19.25,19.25,1
0,0,1,1,55,1,0,1,0,0,0,0,0,0,2,1,1,69.05,3842.6,0
0,0,1,0,60,0,1,0,2,2,2,0,0,2,1,0,2,50.05,2911.5,0
0,1,0,0,18,1,0,2,1,1,1,1,1,1,1,0,0,20.35,369.6,0
1,0,0,1,7,1,0,2,1,1,1,1,1,1,1,0,3,19.45,136.75,0
1,1,0,0,71,0,1,0,2,2,0,0,2,2,1,1,2,56.45,3985.35,0
0,1,1,0,1,0,1,0,0,0,0,0,0,0,0,1,2,24.8,24.8,1
0,0,0,1,48,1,0,2,1,1,1,1,1,1,1,0,3,19.95,936.7,0
0,0,0,0,72,1,0,1,2,2,2,2,2,2,2,1,2,109.9,7624.2,0
1,0,1,1,17,1,2,0,0,2,2,2,0,0,0,1,3,66.7,1077.05,0
1,0,1,1,2,1,0,1,0,0,2,2,0,2,0,0,1,90.0,190.05,1
1,0,0,0,54,1,2,0,2,0,2,2,2,2,2,0,0,87.1,4735.2,0
1,0,0,0,65,1,2,1,0,2,2,2,2,2,0,1,2,109.15,6941.2,1
1,1,0,0,7,0,1,0,0,2,0,2,0,2,0,1,2,44.4,265.8,0
1,0,0,0,63,1,2,0,2,0,2,2,0,2,2,1,0,71.9,4479.2,0
0,0,0,0,51,0,1,0,0,2,2,0,2,2,1,1,1,56.4,2928.5,0
0,0,1,1,15,1,0,2,1,1,1,1,1,1,1,0,1,20.35,335.95,0
0,0,1,1,51,1,2,1,2,0,0,2,2,0,1,1,3,95.15,5000.05,0
0,0,1,1,23,1,0,0,2,2,0,2,0,0,1,1,3,57.75,1282.85,0
1,0,1,0,32,1,2,1,0,0,0,2,0,0,1,1,2,79.25,2619.15,0
0,0,1,0,58,1,2,1,0,0,2,2,2,2,0,1,1,102.1,5885.4,1
1,0,0,0,42,1,2,2,1,1,1,1,1,1,1,0,2,25.05,949.85,0
0,0,0,0,5,1,0,2,1,1,1,1,1,1,0,1,3,20.5,104.3,0
0,0,0,0,22,1,0,0,2,0,0,0,0,0,0,1,2,49.8,1049.05,0
1,0,1,1,72,1,2,0,2,2,2,2,2,2,2,1,3,89.4,6376.55,0
1,0,0,0,33,1,2,1,2,0,0,0,0,0,1,0,0,80.1,2603.3,0
1,0,1,0,32,1,0,0,2,2,0,2,0,2,1,0,3,70.5,2201.75,0
1,0,0,0,19,1,0,1,0,0,0,2,0,2,1,1,1,87.7,1725.95,0
0,0,1,1,49,1,2,1,0,2,0,0,2,2,0,1,2,98.35,4889.2,0
0,0,0,1,18,1,2,2,1,1,1,1,1,1,2,0,1,25.3,454.65,0
0,0,1,1,55,1,0,2,1,1,1,1,1,1,0,0,1,20.0,1087.25,0
0,0,0,0,15,1,0,2,1,1,1,1,1,1,0,0,3,19.6,299.4,0
0,0,1,1,41,0,1,0,2,0,2,0,0,0,1,0,1,35.4,1412.4,0
0,0,0,0,52,1,2,1,0,2,0,0,0,0,1,1,3,80.2,4297.6,0
1,0,1,0,53,1,0,1,0,2,0,0,2,2,1,1,0,94.25,4867.95,1
0,0,1,1,26,1,2,0,0,2,0,2,0,0,0,1,2,60.05,1616.15,1
0,0,0,0,28,1,0,0,2,0,0,2,0,0,1,0,3,54.3,1546.3,0
0,1,1,0,50,1,2,2,1,1,1,1,1,1,1,0,2,25.2,1306.3,0
0,0,0,0,14,1,0,0,0,0,0,2,2,2,0,1,2,69.65,921.4,0
1,0,1,1,45,1,2,0,0,2,2,0,2,2,1,0,1,78.75,3600.65,0
0,0,1,1,69,0,1,0,2,0,2,0,0,2,2,1,1,43.95,2960.1,0
0,0,1,1,51,1,0,1,2,2,0,0,0,0,0,1,0,79.15,4018.55,0
0,0,1,0,68,1,2,0,2,2,2,2,0,0,2,0,1,70.9,4911.35,0
1,0,0,0,43,1,0,1,2,2,2,2,0,0,1,1,1,90.65,3882.3,0
1,0,0,0,1,1,0,1,0,0,0,0,0,2,0,1,2,80.8,80.8,1
0,0,1,1,50,1,2,1,0,0,0,0,2,0,0,1,0,84.4,4116.15,1
1,0,0,0,39,1,2,1,0,2,0,0,0,0,1,0,1,81.4,3213.75,0
1,0,0,0,30,1,2,0,2,0,0,0,0,2,0,1,3,64.5,1888.45,0
1,1,1,0,7,1,2,0,2,2,0,2,0,0,0,0,2,64.2,475.0,0
1,1,0,0,43,1,2,1,0,0,0,0,2,0,0,1,2,84.85,3645.6,0
0,1,0,0,27,1,2,1,0,0,2,0,0,2,0,0,1,88.3,2467.75,1
1,1,1,1,66,1,2,0,2,2,2,2,2,0,2,0,1,79.4,5154.6,1
1,1,0,0,19,1,2,1,2,0,0,0,2,0,0,1,2,90.6,1660.0,1
1,0,1,0,14,1,0,0,0,0,2,0,0,0,0,0,1,50.2,668.85,0
1,0,0,0,24,1,0,2,1,1,1,1,1,1,2,0,3,20.75,487.05,0
1,0,0,0,55,1,0,0,2,0,2,2,0,0,2,1,2,59.2,3175.85,0
0,0,0,1,9,1,0,1,2,0,2,2,0,2,0,0,0,93.0,870.25,0
0,0,0,0,1,1,0,2,1,1,1,1,1,1,0,0,3,19.1,19.1,0
0,0,0,0,1,1,0,2,1,1,1,1,1,1,0,0,3,20.5,20.5,1
1,0,0,0,11,1,0,1,0,2,0,0,0,0,0,1,2,74.55,824.75,1
0,0,0,0,1,1,0,0,0,0,0,0,0,0,0,1,2,45.3,45.3,1
1,0,1,1,28,1,2,0,0,2,0,0,0,2,0,0,2,64.4,1802.15,0
0,0,0,0,54,1,2,1,0,0,0,2,2,2,0,1,2,100.1,5440.9,1
0,0,0,0,8,1,0,2,1,1,1,1,1,1,0,0,3,19.2,156.85,0
0,0,1,1,72,1,2,0,2,2,2,2,0,2,2,1,0,79.5,5661.7,0
1,0,1,1,64,1,0,0,2,0,2,2,2,0,2,0,3,69.25,4447.75,0
0,0,0,0,1,1,0,0,0,0,0,0,0,0,0,1,0,44.9,44.9,1
1,0,1,0,49,1,2,0,2,0,2,2,2,2,1,0,2,84.35,4059.35,1
0,1,0,0,54,1,2,0,0,2,0,2,2,0,1,0,3,72.1,3886.05,0
1,1,1,0,61,1,2,2,1,1,1,1,1,1,2,0,0,25.0,1501.75,0
1,0,0,0,3,0,1,0,0,2,0,2,0,0,0,1,3,36.85,108.7,1
0,1,1,1,32,1,2,1,0,0,2,0,2,0,0,1,3,91.35,2896.55,0
0,0,1,0,34,1,2,1,0,0,2,0,2,2,0,1,2,100.45,3414.65,0
1,0,1,1,39,1,0,1,0,2,0,0,2,0,0,1,3,86.3,3266.0,1
1,1,1,0,16,1,2,1,0,0,0,0,2,0,0,1,1,85.05,1391.15,0
0,0,1,1,1,1,0,1,0,2,0,0,0,0,0,1,2,74.7,74.7,1
1,0,1,1,55,1,0,2,1,1,1,1,1,1,1,0,3,19.5,1026.35,0
1,0,1,0,22,1,0,1,0,0,2,0,2,0,0,1,0,87.0,1850.65,0
0,1,1,0,67,1,0,2,1,1,1,1,1,1,2,1,0,20.05,1263.05,0
0,0,0,0,23,1,0,2,1,1,1,1,1,1,0,1,0,20.3,470.6,0
0,0,1,1,65,1,2,0,0,2,0,2,2,2,2,1,0,79.4,5071.9,0
1,0,0,0,36,1,2,1,0,0,0,0,0,2,0,1,2,84.75,3050.15,1
0,1,1,0,69,1,2,1,0,2,0,2,2,2,2,0,1,105.4,6998.95,0
1,0,0,0,25,1,2,1,0,0,0,0,2,2,0,1,0,94.7,2362.1,1
0,1,1,0,48,1,0,1,0,0,0,0,0,0,0,1,0,70.65,3545.05,0
0,0,0,0,18,1,2,0,2,0,2,0,0,0,0,1,3,60.6,1156.35,0
1,0,0,0,10,1,2,2,1,1,1,1,1,1,2,0,0,25.7,251.6,0
1,0,1,1,71,1,2,0,2,2,2,2,2,2,2,0,2,90.4,6668.05,0
1,0,1,1,13,1,0,2,1,1,1,1,1,1,1,0,3,20.0,218.55,0
1,0,1,0,66,1,2,1,2,0,2,0,2,2,2,1,1,106.05,6981.35,1
1,0,0,1,27,1,0,2,1,1,1,1,1,1,1,0,1,20.05,552.9,0
0,0,0,0,3,1,0,1,0,0,0,0,2,0,0,1,2,79.4,244.65,1
1,1,0,0,54,0,1,0,0,2,2,0,2,2,1,1,2,55.45,2966.95,0
1,1,1,0,68,0,1,0,2,2,2,0,0,0,2,1,2,41.95,2965.75,0
1,1,0,0,24,1,2,0,0,2,0,0,0,0,0,0,1,54.8,1291.3,0
1,0,1,1,68,1,0,1,2,2,2,0,2,2,2,1,1,103.25,7074.4,0
1,0,1,0,70,1,2,1,0,2,2,0,2,0,1,1,0,95.0,6602.9,0
0,1,1,0,26,1,2,1,0,2,2,0,0,2,0,1,2,93.85,2381.55,1
1,0,0,0,3,1,0,2,1,1,1,1,1,1,0,1,3,19.1,53.05,0
0,0,0,0,3,1,0,0,2,2,0,0,0,0,0,0,2,55.35,165.2,1
0,0,0,0,13,0,1,0,2,0,0,0,0,0,0,1,0,30.85,394.1,0
0,1,1,0,37,1,0,2,1,1,1,1,1,1,1,0,3,19.6,727.8,0
0,0,0,0,2,1,0,0,0,2,0,2,0,0,0,1,1,55.05,102.75,1
1,0,0,1,9,1,0,0,0,2,0,0,0,0,0,1,2,50.1,484.05,0
0,1,1,0,47,1,2,0,2,2,2,0,0,0,0,1,1,67.45,3252.0,0
1,0,1,0,24,1,0,1,2,0,0,2,0,2,0,1,2,89.25,2210.2,0
0,0,1,1,72,1,2,0,2,2,2,2,2,2,2,0,1,90.95,6652.45,0
1,0,0,0,6,1,0,0,2,0,2,2,2,2,0,0,1,78.65,483.3,0
1,0,1,1,72,1,2,2,1,1,1,1,1,1,2,0,3,26.1,1851.45,0
1,0,1,1,48,1,0,0,0,2,2,0,0,0,1,1,1,55.8,2651.2,0
0,0,1,1,10,1,2,1,0,0,0,0,0,2,0,0,2,85.95,858.6,0
0,1,1,0,42,1,0,1,2,0,0,0,0,0,0,1,1,74.15,3229.4,1
1,0,0,0,51,1,2,1,0,2,2,2,0,0,0,1,2,87.35,4473.0,0
1,0,1,1,52,1,2,1,0,0,2,2,0,2,2,1,0,96.25,4990.25,1
1,1,0,0,1,1,0,1,0,0,0,0,0,0,0,1,2,71.65,71.65,1
1,0,1,1,29,1,0,1,0,0,0,0,0,0,0,1,2,70.75,1974.8,1
1,0,1,1,29,1,0,0,2,0,0,0,0,2,0,1,3,60.2,1834.15,0
0,0,1,1,59,1,2,0,2,2,0,2,0,0,1,0,3,65.5,3801.3,0
1,0,0,0,20,1,0,2,1,1,1,1,1,1,1,1,3,19.7,415.9,0
0,1,1,1,56,1,0,0,2,0,0,2,2,2,2,1,1,72.6,4084.35,0
1,1,1,0,63,1,0,0,2,2,2,2,2,2,1,1,0,84.0,5329.55,0
0,1,0,0,15,1,0,1,0,0,0,0,2,2,0,1,2,91.5,1400.3,0
0,1,1,0,72,1,2,0,2,2,2,2,2,2,2,0,1,89.1,6352.4,0
1,0,0,0,43,1,2,1,0,2,0,0,2,2,0,1,2,101.4,4528.0,1
0,0,1,1,21,1,0,1,0,2,0,0,0,0,0,1,0,74.05,1565.7,1
1,0,0,0,66,1,2,1,2,2,2,2,2,2,1,1,0,114.3,7383.7,0
1,1,1,1,47,1,0,1,0,2,0,0,2,0,1,1,0,84.95,4018.05,0
1,0,0,0,8,1,2,1,0,0,0,0,0,2,0,1,2,86.55,649.65,1
0,0,0,0,1,1,0,2,1,1,1,1,1,1,0,1,3,19.6,19.6,1
1,0,0,0,69,1,2,0,2,2,2,2,0,2,2,1,1,81.5,5553.25,0
0,1,0,0,1,1,0,1,0,0,0,0,0,0,0,1,2,70.55,70.55,1
0,0,1,0,42,1,2,0,2,2,0,2,0,0,0,1,1,66.4,2727.8,0
1,0,1,1,1,1,0,2,1,1,1,1,1,1,1,0,1,19.85,19.85,0
0,0,0,0,11,0,1,0,0,0,0,0,2,0,0,1,3,35.8,363.15,0
1,1,0,0,1,1,0,1,0,0,0,0,2,0,0,1,2,79.1,79.1,1
0,0,1,1,24,1,2,2,1,1,1,1,1,1,2,0,3,24.7,571.75,0
1,0,1,1,6,1,0,2,1,1,1,1,1,1,0,0,1,19.85,138.85,0
1,0,1,1,69,1,0,0,2,2,2,0,0,0,2,1,0,59.75,4069.9,0
0,0,0,1,17,1,2,0,0,0,2,0,0,0,1,1,3,55.85,937.5,1
0,0,1,1,7,0,1,0,0,0,0,0,0,0,0,1,2,24.7,149.05,0
1,0,1,0,72,1,2,0,2,0,2,2,2,2,2,0,1,86.65,6094.25,0
0,1,0,0,26,1,2,1,0,2,0,0,2,0,0,1,2,89.15,2277.65,1
1,0,0,0,2,1,0,1,0,0,2,0,2,2,0,1,2,95.85,197.7,1
0,0,0,0,10,1,2,1,0,0,2,0,2,2,0,1,2,100.6,1060.2,1
0,0,0,0,31,1,2,1,0,0,2,0,0,2,0,1,2,89.9,2806.9,1
1,1,0,0,20,1,2,1,0,0,0,0,2,0,0,1,2,84.35,1745.2,0
1,0,1,0,1,1,0,0,2,0,2,0,0,0,0,0,3,55.7,55.7,0
0,0,0,0,29,1,0,2,1,1,1,1,1,1,1,0,3,20.0,599.3,0
0,1,0,0,9,1,2,1,0,0,0,0,0,2,0,1,2,84.45,762.5,1
1,0,0,0,12,1,2,1,0,0,2,0,2,0,0,1,2,89.55,1021.75,0
1,0,0,0,6,1,0,1,0,0,0,0,0,0,0,1,2,69.1,435.0,0
0,0,0,0,11,1,0,2,1,1,1,1,1,1,1,0,3,20.0,211.95,0
1,0,1,1,34,1,2,0,0,0,2,0,2,2,1,0,0,77.2,2753.8,0
1,0,1,1,67,1,0,0,2,2,0,0,0,0,2,1,0,54.2,3838.2,0
0,0,0,0,1,1,2,0,0,0,0,0,0,2,0,1,2,60.15,60.15,1
1,0,0,0,10,1,0,0,2,0,0,2,2,0,0,0,0,62.25,612.95,0
1,1,0,0,60,1,2,0,2,2,0,0,0,2,1,1,2,71.75,4374.55,0
1,0,1,0,56,1,0,1,0,0,0,0,0,2,1,1,2,80.9,4557.5,0
1,0,0,0,1,0,1,0,0,0,0,0,0,2,0,1,2,35.45,35.45,1
0,0,1,1,24,0,1,0,2,2,2,0,2,2,1,0,2,57.6,1367.75,0
0,0,1,0,71,1,2,0,2,2,2,2,2,2,2,0,1,85.75,6223.8,0
1,0,1,1,38,1,0,0,2,2,2,2,2,0,1,0,2,74.05,2802.3,0
0,0,0,0,16,0,1,0,2,0,0,0,2,0,0,1,2,38.9,664.4,0
1,0,0,0,2,1,2,0,0,2,0,0,0,0,0,1,3,54.4,114.1,1
0,0,0,0,12,0,1,0,2,0,0,2,0,0,1,1,3,33.6,435.45,0
0,0,1,1,14,1,0,2,1,1,1,1,1,1,1,0,3,19.55,294.5,0
1,0,1,1,58,1,2,1,0,0,2,2,2,2,1,1,0,105.05,6004.85,0
0,0,1,0,10,1,0,2,1,1,1,1,1,1,0,1,0,19.95,187.75,0
0,0,1,1,72,1,2,1,2,2,0,2,2,0,2,0,0,99.9,7251.7,0
1,0,0,0,3,1,0,0,0,0,0,0,0,0,0,1,2,45.35,141.5,1
0,0,0,0,2,1,0,1,2,2,0,0,2,0,0,1,2,91.15,168.5,0
1,0,0,0,4,0,1,0,2,2,0,2,0,0,0,0,3,42.4,146.4,0
0,1,1,0,1,1,0,1,0,2,0,0,0,0,0,1,3,76.4,76.4,1
1,0,0,1,60,1,0,2,1,1,1,1,1,1,2,0,3,19.95,1189.9,0
0,1,0,0,50,1,2,1,0,2,0,2,2,2,1,1,2,106.8,5347.95,0
0,0,1,0,71,1,2,1,2,2,2,2,2,2,2,1,1,115.15,8078.1,0
1,0,0,0,64,1,0,1,2,2,0,0,2,2,1,1,1,100.3,6603.8,0
0,0,1,1,5,1,0,1,0,2,0,0,0,2,0,1,2,83.6,404.2,1
1,0,1,1,3,1,0,0,0,2,2,0,0,0,0,1,3,56.15,168.15,1
0,0,1,0,69,1,0,1,0,2,0,0,2,2,1,1,1,95.65,6744.2,0
0,0,1,1,70,1,2,0,2,2,2,2,2,2,2,1,0,89.0,6293.2,0
1,0,0,1,1,1,0,2,1,1,1,1,1,1,0,1,3,20.25,20.25,0
0,0,0,0,1,1,0,2,1,1,1,1,1,1,0,1,3,19.1,19.1,1
0,1,0,0,4,1,2,1,2,0,0,0,0,0,0,1,2,80.25,303.7,0
0,0,1,1,33,1,2,1,2,0,2,0,2,2,1,1,3,103.7,3467.0,1
1,0,0,0,22,1,0,2,1,1,1,1,1,1,1,0,3,20.3,475.1,0
0,0,0,0,34,1,0,1,0,2,2,2,2,2,0,1,2,105.1,3634.8,0
0,0,1,1,22,1,2,2,1,1,1,1,1,1,2,0,1,25.25,555.4,0
0,1,0,0,43,0,1,0,2,2,0,0,0,0,0,1,1,33.45,1500.25,0
0,0,0,0,72,1,2,1,2,2,2,2,2,2,2,1,1,112.75,8192.6,0
0,0,1,0,72,1,2,2,1,1,1,1,1,1,2,0,1,24.85,1871.85,0
1,1,1,0,44,1,2,1,0,2,0,0,0,2,1,0,3,88.4,3912.9,1
1,0,0,0,10,0,1,0,0,2,0,2,0,0,0,0,2,35.75,389.8,0
0,0,0,0,17,1,0,1,0,0,0,0,0,0,0,1,2,70.0,1144.5,1
0,0,0,1,25,1,0,0,0,2,0,2,0,0,1,1,1,54.75,1266.35,0
0,0,0,0,1,1,2,0,0,0,0,0,0,0,0,1,3,50.1,50.1,1
1,0,0,0,27,1,0,0,2,0,2,2,2,0,1,0,1,69.35,1927.3,0
0,0,0,0,19,1,0,0,0,0,0,0,0,2,0,1,2,56.2,1093.4,0
1,0,1,1,31,1,0,0,0,0,2,2,0,0,0,0,3,54.35,1647.0,0
1,0,1,1,70,1,0,2,1,1,1,1,1,1,2,0,1,20.35,1458.1,0
0,0,0,1,1,1,2,2,1,1,1,1,1,1,0,0,3,25.4,25.4,0
1,1,1,0,72,1,2,1,0,2,0,0,2,2,2,0,0,98.35,6929.4,0
0,0,1,0,4,1,0,2,1,1,1,1,1,1,1,0,0,20.5,79.05,0
1,0,0,0,24,1,2,2,1,1,1,1,1,1,1,0,2,24.6,592.65,0
1,0,0,0,22,0,1,0,0,0,2,2,2,2,2,0,0,56.75,1304.85,0
1,0,0,0,72,0,1,0,2,2,2,2,2,2,2,1,0,63.7,4464.8,0
0,0,1,0,50,1,2,1,2,2,0,2,2,2,0,1,0,109.65,5405.8,0
1,0,0,0,12,1,2,2,1,1,1,1,1,1,1,0,1,24.95,280.4,0
0,1,1,0,62,1,2,1,0,2,2,0,2,0,1,1,1,97.95,5936.55,0
0,0,1,0,2,1,0,2,1,1,1,1,1,1,0,0,3,20.35,41.85,0
0,1,0,0,2,1,0,1,0,0,0,0,0,2,0,1,0,79.75,159.4,1
0,0,1,1,19,1,2,2,1,1,1,1,1,1,2,1,0,24.9,467.7,0
0,0,0,0,1,0,1,0,0,0,2,2,0,0,0,0,3,35.9,35.9,0
1,0,0,0,5,1,0,1,0,0,0,2,2,2,0,1,2,96.1,453.4,1
0,0,0,0,68,1,2,0,0,2,2,0,2,2,2,1,2,80.65,5330.2,0
1,0,1,1,67,1,0,2,1,1,1,1,1,1,2,1,3,20.8,1411.9,0
0,0,1,1,68,1,0,0,2,2,2,2,2,2,2,1,1,85.0,5607.75,0
0,0,1,1,9,1,0,0,2,2,2,2,0,0,0,0,3,65.0,663.05,1
0,1,0,0,46,1,0,1,0,2,0,0,2,2,1,0,1,95.25,4424.2,1
1,1,0,0,18,1,2,0,2,2,0,0,0,0,0,1,1,58.4,964.9,0
0,0,0,0,54,1,0,1,2,2,0,0,2,2,1,1,1,100.05,5299.65,0
1,1,1,0,52,1,2,1,0,2,2,0,2,2,1,1,0,105.1,5376.4,0
0,1,0,0,23,1,2,1,0,0,2,0,0,0,0,1,3,79.35,1835.3,0
0,0,1,1,32,1,2,1,0,0,2,0,0,2,0,1,0,91.05,2954.5,1
1,0,1,1,68,1,2,0,0,2,0,2,0,2,2,0,1,70.8,4859.95,0
0,0,0,0,1,1,2,1,0,0,0,0,0,2,0,1,3,85.45,85.45,1
0,0,1,0,14,1,0,1,2,2,0,2,2,2,1,0,3,105.95,1348.9,1
0,0,0,0,2,0,1,0,0,0,0,0,2,2,0,1,2,45.25,85.5,1
0,0,1,0,3,1,2,1,0,0,0,0,0,0,0,1,1,74.1,228.0,1
1,0,1,1,72,1,2,1,2,2,2,2,2,2,2,0,0,114.45,8100.55,0
0,0,1,0,6,1,0,0,0,0,0,0,0,0,0,0,3,45.65,323.45,0
1,1,1,0,59,1,0,1,2,2,2,0,0,0,1,1,1,82.95,4903.15,0
1,0,1,0,40,1,0,1,0,2,2,0,0,0,0,1,2,80.0,3168.75,0
0,0,0,0,66,1,2,2,1,1,1,1,1,1,2,1,1,25.15,1683.6,0
1,0,0,0,1,1,0,2,1,1,1,1,1,1,0,1,3,20.1,20.1,1
0,1,0,0,10,1,0,1,0,0,2,0,0,2,0,1,1,84.6,865.55,1
0,0,1,1,2,0,1,0,0,2,0,0,0,0,0,1,3,30.25,63.75,0
0,0,1,1,72,1,2,1,2,2,2,0,2,2,2,0,1,109.55,7887.25,0
0,0,0,0,12,1,0,1,0,0,2,0,2,2,0,1,2,96.0,1062.1,1
1,0,0,1,11,1,2,1,0,0,2,0,0,0,0,1,3,78.0,851.8,0
1,0,1,0,58,1,0,0,0,0,2,0,0,0,1,0,1,50.3,2878.55,0
0,0,0,0,10,1,0,2,1,1,1,1,1,1,1,1,3,19.8,198.25,0
0,0,0,0,60,0,1,0,2,0,2,0,0,2,1,1,2,44.45,2773.9,0
0,0,1,1,59,1,2,0,2,2,2,2,2,2,2,0,1,90.3,5194.05,0
1,0,1,0,56,1,0,2,1,1,1,1,1,1,1,0,1,19.95,1126.75,0
0,0,1,0,53,1,0,2,1,1,1,1,1,1,1,0,1,19.05,990.45,0
1,0,0,0,10,1,2,1,0,2,2,0,0,2,0,1,2,95.25,1021.55,0
1,0,1,1,60,1,0,0,0,2,0,2,2,2,2,0,0,76.95,4543.95,0
0,0,0,0,16,1,0,1,0,2,0,0,0,0,0,0,0,75.1,1212.85,0
0,0,1,1,22,1,0,1,0,2,0,0,0,2,0,0,2,83.3,1845.9,1
0,0,1,1,62,1,0,1,0,2,2,0,2,2,0,1,2,100.15,6283.3,1
0,0,0,0,5,1,2,2,1,1,1,1,1,1,0,0,3,25.45,134.75,0
0,1,1,0,48,1,0,0,0,2,0,0,0,2,1,1,0,58.95,2789.7,0
0,0,1,1,48,0,1,0,0,0,0,2,0,0,0,1,1,29.5,1423.05,0
0,0,1,0,51,1,0,0,2,2,0,2,0,0,1,1,0,60.5,3145.15,0
1,0,1,0,54,1,2,1,0,2,2,0,2,2,0,1,2,104.3,5278.15,1
1,0,0,0,3,1,0,0,0,0,0,0,2,0,0,0,1,53.4,188.7,1
1,0,1,0,4,1,2,1,0,2,0,0,2,2,0,1,2,100.2,420.2,1
1,0,0,1,49,1,2,1,0,0,0,2,2,2,1,1,0,100.6,5069.65,1
0,0,1,1,61,1,2,1,2,2,2,2,2,2,2,0,1,115.1,7008.15,0
0,0,1,0,71,1,2,0,2,2,2,2,2,2,2,0,1,89.3,6388.65,0
1,0,0,0,18,1,2,1,0,2,0,0,0,0,0,1,2,80.65,1451.9,1
1,1,1,1,68,1,2,1,0,0,2,2,2,2,1,1,1,107.15,7379.8,0
0,0,0,0,23,1,2,1,0,2,0,0,2,2,0,1,1,98.7,2249.1,0
0,0,0,0,6,0,1,0,0,0,0,2,2,2,1,1,3,49.25,255.6,0
1,0,0,0,1,1,2,2,1,1,1,1,1,1,0,1,3,24.05,24.05,1
0,1,1,0,40,0,1,0,0,2,0,0,2,0,0,1,2,39.3,1637.4,1
0,0,0,0,68,1,0,2,1,1,1,1,1,1,2,0,1,19.6,1441.65,0
1,0,1,0,63,1,2,1,0,2,2,0,2,2,0,1,2,103.4,6603.0,1
0,0,1,1,48,1,2,0,0,2,0,2,2,2,2,0,2,79.65,3870.3,0
0,1,0,0,43,1,2,1,0,2,0,0,2,0,0,1,2,90.25,3838.75,0
1,0,0,0,6,1,0,2,1,1,1,1,1,1,1,0,3,19.15,124.4,0
1,0,1,1,72,1,2,0,2,0,0,0,0,0,2,0,0,55.3,3983.6,0
0,1,0,0,35,0,1,0,0,0,2,0,2,0,0,1,2,39.85,1434.6,0
0,0,1,0,23,1,0,0,2,0,2,2,0,2,1,1,0,68.75,1689.45,0
1,0,0,0,1,0,1,0,0,0,0,0,0,0,0,1,2,25.15,25.15,1
1,0,0,0,53,0,1,0,0,0,2,2,2,2,1,0,1,54.9,3045.75,0
0,0,0,0,38,1,2,0,2,2,2,0,0,0,0,1,0,66.15,2522.4,0
0,0,0,0,25,1,0,2,1,1,1,1,1,1,0,0,3,19.05,461.3,0
0,0,1,0,72,1,2,1,2,2,2,2,0,0,2,1,0,94.25,6849.75,0
1,0,0,0,56,1,2,0,2,2,0,2,0,0,1,1,0,64.65,3665.55,0
1,0,0,0,47,1,2,1,2,2,0,0,2,0,1,0,0,94.8,4535.85,0
1,1,0,0,4,1,0,1,0,0,0,0,0,0,0,0,2,69.35,261.65,0
1,1,0,0,31,1,2,1,0,0,2,2,2,0,0,1,0,96.6,2877.95,0
0,1,0,0,56,1,2,1,2,2,0,0,0,2,0,1,2,96.85,5219.65,0
1,0,1,0,51,1,2,1,0,2,0,0,0,2,1,1,1,90.35,4614.55,0
1,0,0,0,3,1,0,1,0,0,0,0,2,2,0,1,2,92.0,266.8,0
0,0,0,0,38,1,0,1,0,0,0,0,2,2,1,1,3,89.1,3342.0,0
0,0,0,1,44,1,2,0,0,2,0,0,2,2,1,1,3,77.55,3471.1,0
1,0,1,0,57,1,0,0,2,0,0,2,0,0,0,0,2,55.7,3171.6,0
1,0,0,0,27,1,0,2,1,1,1,1,1,1,1,0,3,20.3,595.05,0
1,0,1,1,69,1,0,1,2,2,0,2,2,2,2,1,1,106.35,7261.75,0
1,0,1,0,38,1,0,2,1,1,1,1,1,1,2,0,0,20.4,743.5,0
0,0,1,1,72,1,2,2,1,1,1,1,1,1,2,1,0,26.25,1988.05,0
0,0,1,1,14,1,0,2,1,1,1,1,1,1,2,1,3,19.7,263.65,0
1,0,0,0,1,1,0,2,1,1,1,1,1,1,0,1,2,19.85,19.85,1
0,0,1,1,27,1,0,2,1,1,1,1,1,1,2,0,3,19.9,550.1,0
0,0,1,1,5,0,1,0,0,2,0,0,0,0,0,1,2,30.5,167.2,0
0,0,0,0,1,1,0,1,0,0,0,0,0,2,0,0,1,80.15,80.15,1
0,0,1,1,63,1,0,2,1,1,1,1,1,1,2,0,1,20.0,1209.25,0
1,0,1,1,70,1,2,0,2,0,2,0,2,0,2,0,1,68.95,4858.7,0
1,0,0,0,26,0,1,0,2,0,0,2,2,2,1,0,1,54.55,1362.85,0
1,1,0,0,1,1,0,1,0,0,0,0,0,0,0,1,2,70.05,70.05,0
0,0,1,0,68,1,0,0,2,0,0,2,0,0,1,0,0,55.9,3848.8,0
1,0,1,1,11,1,0,2,1,1,1,1,1,1,2,0,3,19.65,225.75,0
1,0,0,0,70,1,2,1,2,2,2,2,2,2,2,1,0,114.95,7711.25,0
0,0,0,0,10,0,1,0,0,2,0,2,0,0,0,0,2,36.25,374.0,0
0,0,0,0,19,0,1,0,0,2,0,0,0,2,0,1,2,39.7,710.05,0
0,0,0,0,42,1,0,1,0,2,2,2,2,2,0,1,0,103.8,4327.5,0
1,1,0,0,13,1,0,1,0,0,0,0,2,2,0,1,2,90.5,1201.15,1
0,1,1,0,21,1,2,0,0,2,2,0,0,2,1,0,0,71.7,1497.05,0
1,0,1,0,9,1,0,0,0,0,2,0,2,2,0,1,3,70.05,564.4,0
1,1,1,1,26,1,2,1,0,2,2,0,2,2,0,0,2,105.75,2710.25,1
1,1,0,0,37,0,1,0,0,2,2,0,0,0,0,0,2,36.65,1315.0,0
0,1,1,0,32,1,2,1,0,0,0,0,2,0,0,1,1,85.95,2628.6,1
1,0,1,0,55,1,2,1,0,0,2,2,2,2,1,1,2,104.15,5743.05,1
1,1,0,0,1,1,2,1,0,0,0,0,0,0,0,1,2,74.4,74.4,1
1,0,1,0,14,1,2,1,0,0,0,0,0,2,0,1,2,85.15,1139.2,1
0,0,1,0,16,1,0,2,1,1,1,1,1,1,0,0,3,19.6,314.45,0
0,0,1,0,72,1,2,1,0,2,0,0,2,2,2,1,1,97.7,6869.7,0
0,0,1,1,49,1,2,0,0,2,0,2,2,2,2,0,0,79.3,3902.45,0
1,0,0,1,6,1,2,2,1,1,1,1,1,1,0,0,3,26.35,184.05,0
0,0,0,0,7,1,0,0,2,2,2,0,0,0,0,0,2,61.4,438.9,0
1,0,0,0,2,1,2,1,0,0,0,0,0,2,0,1,2,86.0,165.45,1
1,0,1,0,42,0,1,0,0,0,0,0,0,0,0,1,1,25.1,1097.15,0
1,0,1,1,4,1,0,2,1,1,1,1,1,1,2,0,1,19.55,68.8,0
